Causa,Total,Alvaro Obregón,Azcapotzalco,Benito Juárez,Coyoacán,Cuajimalpa de Morelos,Cuauhtémoc,Gustavo A. Madero,Iztacalco,Iztapalapa,Magdalena Contreras,Miguel Hidalgo,Milpa Alta,Tlahuac,Tlalpan,Venustiano Carranza,Xochimilco,Municipio no especificado
Distrito Federal,50665,4010,3504,3606,2152,603,9153,8372,3021,4883,835,3375,403,530,1064,3845,1160,149
Enteritis y otras en fermedades diarreicas,4448,339,335,127,168,75,551,821,307,607,140,214,49,83,51,332,147,2
Sarampión,7,0,2,0,0,0,1,1,0,1,0,1,0,0,0,1,0,0
Enfermedades del corazón,3245,257,192,249,147,31,590,612,182,300,39,235,25,23,58,246,40,19
Enfermedades cerebro-vasculares,2219,163,146,217,103,15,438,365,113,150,20,205,4,15,40,175,41,9
Neumonías,6184,537,387,284,231,101,880,1219,412,713,117,322,57,100,156,484,181,3
Cirrosis hepática,3099,247,264,166,100,47,515,448,216,319,50,216,35,46,74,235,119,2
Enfermedades del aparato digestivo,1174,89,89,66,54,10,220,218,56,116,25,69,12,6,20,102,18,4
Morbilidad y mortalidad perinatales,1822,126,112,101,61,15,501,348,89,178,27,88,9,10,28,104,23,2
Senilidad sin mención de psicosis,328,26,25,21,12,3,78,51,13,24,5,16,2,3,10,35,4,0
Síntomas y estados morbosos mal definidos,543,40,32,23,37,4,102,97,34,84,10,22,2,3,9,32,8,4
Accidentes por vehículos de motor,1515,128,95,74,79,14,292,233,117,161,17,77,7,16,41,129,25,10
Suicidio y lesiones autoinflingidas,129,13,6,10,9,2,23,24,8,15,7,7,0,0,1,7,3,0
Homicidio y lesiones provocadas intencionalmente por otras personas,504,39,34,32,28,4,75,88,32,54,13,37,2,7,8,37,11,3
Las demás causas,25448,2006,1785,2236,1123,282,4887,3747,1442,2161,371,1866,199,218,568,1926,540,91
