siglas,extendido,alcaldia,clasificacion,freq
S-D,Sin datos,,,25780
HB,Hospital Balbuena (Col Jardin Balbuena),Venustiano Carranza,Hospital,5467
CR,Cruz Roja (Col Polanco),Miguel Hidalgo,Hospital,4890
GAM-2,Coord Territorial 2 Gustavo A Madero (Col Aragon La Villa),Gustavo A Madero,Judicial,4112
COY-2,Coord Territorial 2 Coyoacan (Col Romero de Terreros),Coyoacan,Judicial,3638
HX,Hospital Xoco (Col General Anaya),Benito Juarez,Hospital,3604
CUH-1,Coord Territorial 1 Cuauhtemoc (Col San Simon Tolnahuac),Cuauhtemoc,Judicial,3600
HV,Hospital la Villa (Col Granjas Modernas),Gustavo A Madero,Hospital,3518
HGRL,Hospital Ruben Leñero (Col Santo Tomas),Miguel Hidalgo,Hospital,2994
CUH-6,Coord Territorial 6 Cuauhtemoc (Col Centro),Cuauhtemoc,Judicial,2313
IZP-5,Coord Territorial 5 Iztapalapa (Col V Guerrero),Iztapalapa,Judicial,2256
VC-1,Coord Territorial 1 Venustiano Carranza (Col Merced),Venustiano Carranza,Judicial,2115
MH-1,Coord Territorial 1 Miguel Hidalgo – Hospital Ruben Leñero (Col Tacuba),Miguel Hidalgo,Hospital,2108
COY-1,Coord Territorial 1 Coyoacan (Col Romero de Terreros),Coyoacan,Judicial,1964
AOB-3,Coord Territorial 3 Alvaro Obregon (Col Progreso Tizapan),Alvaro Obregon,Judicial,1819
IZP-1,Coord Territorial 1 Iztapalapa (Barrio de San Lucas),Iztapalapa,Judicial,1812
AZC-2,Coord Territorial 2 Azcapotzalco (Col Del Maestro),Azcapotzalco,Judicial,1751
STCMZV,Sistema de Transporte Colectivo Metro Zarco y Violeta (Col Guerrero),Cuauhtemoc,Judicial,1503
BJ-1,Coord Territorial 1 Benito Juarez (Col Santa Cruz Atoyac),Benito Juarez,Judicial,1296
IZC-2,Coord Territorial 2 Iztacalco (Col Gabriel Ramos Millan),Iztacalco,Judicial,1295
BJ-3,Coord Territorial 3 Benito Juarez (Col Zacahuizco),Benito Juarez,Judicial,1247
TLP-2,Coord Territorial 2 Tlalpan (Col La Joya),Tlalpan,Judicial,1186
MH-5,Coord Territorial 5 Miguel Hidalgo (Col Ampliacion Daniel Garza),Miguel Hidalgo,Judicial,1183
HCMS21,Hospital Centro Médico Nacional Siglo XXI (Col Doctores),Cuauhtemoc,Hospital,971
BJ-2,Coord Territorial 2 Benito Juarez (Col Santa Cruz Atoyac),Benito Juarez,Judicial,940
VC-3,Coord Territorial 3 Venustiano Carranza – Hospital De  Balbuena (Col Jardin Balbuena),Venustiano Carranza,Hospital,911
XO-2,Coord Territorial 2 Xochimilco (Barrio de San Pedro),Xochimilco,Judicial,834
VC-2,Coord Territorial 2 Venustiano Carranza (Col Moctezuma 2a Seccion),Venustiano Carranza,Judicial,791
CMN20N,Hospital Centro Medico Nacional 20 de Noviembre (Col del Valle Sur),Benito Juarez,Hospital,770
IZC-1,Coord Territorial 1 Iztacalco (Col Santa Anita),Iztacalco,Judicial,749
GAM-7,Coord Territorial 7 Gustavo A Madero (Col San Juan de Aragon),Gustavo A Madero,Judicial,712
COY-5,Coord Territorial 5 Coyoacan (Col CTM-Culhuacan),Coyoacan,Judicial,698
CUH-7,Coord Territorial 7 Cuauhtemoc (Col Roma),Cuauhtemoc,Judicial,697
IZP-2,Coord Territorial 2 Iztapalapa (Barrio Santa Barbara),Iztapalapa,Judicial,636
GAM-1,Coord Territorial 1 Gustavo A Madero (Col Cuautepec Barrio Bajo),Gustavo A Madero,Judicial,633
CUH-8,Coord Territorial 8 Cuauhtemoc (Col Obrera),Cuauhtemoc,Judicial,621
CUJ-1,Coord Territorial 1 Cuajimalpa (Col Cuajimalpa Centro),Cuajimalpa de Morelos,Judicial,620
AO-1,Coord Territorial 1 Alvaro Obregon (Col Cristo Rey),Alvaro Obregon,Judicial,604
TLP-1,Coord Territorial 1 Tlalpan (Col Ampliacion Miguel Hidalgo),Tlalpan,Judicial,577
AZC-1,Coord Territorial 1 Azcapotzalco (Col El Rosario),Azcapotzalco,Judicial,509
TLH-2,Coord Territorial 2 Tlahuac (Col Barrio La Asuncion),Tlahuac,Judicial,375
MC-2,Coord Territorial 2 Magdalena Contreras (Col Barranca Seca),Magdalena Contreras,Judicial,344
XO-1,Coord Territorial 1 Xochimilco - Reclusorio Sur (Col San Mateo Jalpa),Xochimilco,Judicial,335
CUH-5,Coord Territorial 5 Cuauhtémoc (Col Santa María La Ribera),Cuauhtemoc,Judicial,329
MH-2,Coord Territorial 2 Miguel Hidalgo (Col Pensil),Miguel Hidalgo,Judicial,317
GAM-3,Coord Territorial 3 Gustavo A Madero - Hosp Mag Salinas (Col Magdalena de las Salinas),Gustavo A Madero,Judicial,282
MIL-1,Coord Territorial 1 Milpa Alta (Col Milpa Alta),Milpa Alta,Judicial,254
VO,Villa Obregon,Alvaro Obregon,,229
CUH-2,Coord Territorial 2 Cuauhtémoc (Col Buenavista),Cuauhtemoc,Judicial,205
CUH-4,Coord Territorial 4 Cuauhtémoc (Col Centro),Cuauhtemoc,Judicial,180
CUH-3,Coord Territorial 3 Cuauhtémoc (Col Morelos),Cuauhtemoc,Judicial,136
GAM-4,Coord Territorial 4 Gustavo A Madero (Col Aragon la Villa),Gustavo A Madero,Judicial,55
SC,Sector Central,,,36
MC-1,Coord Territorial 1 Magdalena Contreras (Col Ampliacion Contreras),Magdalena Contreras,Judicial,25
MH-4,Coord Territorial 4 Miguel Hidalgo (Col Ampliacion Daniel Garza),Miguel Hidalgo,Judicial,19
TLH-1,Coord Territorial 1 Tlahuac (Col Del Mar),Tlahuac,Judicial,15
PGR,Procuraduria General de la Republica,,Judicial,7
MH-3,Coord Territorial 3 Miguel Hidalgo – Hospital Cruz Roja (Col Lomas de Chapultepec),Miguel Hidalgo,Hospital,5
IZP-3,Coord Territorial 3 Iztapalapa (Central de Abastos),Iztapalapa,Judicial,4
GAM-5,Coord Territorial 5 Gustavo A Madero (Col San Juan de Aragon),Gustavo A Madero,Judicial,4
